gameplan_version,gameplan_date,gameplan_owner,crop,pre_cmrcl_nm,variety,basic_nbr,regional_pmc,global_pmc,country,subregion,sales_territory,gsbt,abci,producibility,pmc_positioning,replaced_variety,impact_replaced_variety,launch_category,year_intended_launch,year_intended_first_sales,uom_sales,currency,first_year_sales,second_year_sales,third_year_sales,first_year_baseprice,second_year_baseprice,third_year_baseprice,first_year_market_funding,second_year_market_funding,third_year_market_funding,first_year_market_value,second_year_market_value,third_year_market_value,first_year_cogs,second_year_cogs,third_year_cogs,uuid,launch_description,created_at,first_year_projected_net_sales_value,second_year_projected_net_sales_value,third_year_projected_net_sales_value,first_year_projected_net_sales_price_per_mk,second_year_projected_net_sales_price_per_mk,third_year_projected_net_sales_price_per_mk,first_year_projected_margin_pct,second_year_projected_margin_pct,third_year_projected_margin_pct,first_year_projected_market_share_pct,second_year_projected_market_share_pct,third_year_projected_market_share_pct
4B->5X,2023-09-20,HONGMEI GUO,PEPPER,21-GB-ALG-0024,SVHA0024,30206504,ALG-A-Kimchi-Dry,ALG-OPF-Dry,South Korea,KOREA/JAPAN,KOREA,Gold,C,Medium,Replacement,SVHA0021,1.0,Basic,11/1/2023,11/1/2023,KCS,USD,7,40,50,2200.0,2200.0,2200.0,,,,13127380.0,12289110.0,12781720.0,367.8,,367.8,84583c68-8511-4065-9962-7659959bb31a,2023_PEPPER_21-GB-ALG-0024_SVHA0024_PM10003027_KR,3/12/2024 9:43:38 PM,15400.0,88000.0,110000.0,2200.0,2200.0,2200.0,83.28181,100.0,83.28181,0.001173121,0.007160809,0.008606038
4B->5X,2023-12-13,HONGMEI GUO,PEPPER,21-GB-ALG-0126,SVHA0126,30166917,ALG-A-Kimchi-Dry,ALG-OPF-Dry,South Korea,KOREA/JAPAN,KOREA,Gold,C,Easy,Replacement,BAICALLA S,1.0,Basic,11/1/2023,11/1/2023,KCS,USD,15,40,50,2000.0,2000.0,2000.0,,,,13127380.0,12289110.0,12781720.0,367.8,,367.8,25c11b16-e9a0-4549-b43a-6070052fe836,2023_PEPPER_21-GB-ALG-0126_SVHA0126_PM10003027_KR,3/12/2024 9:55:44 PM,30000.0,80000.0,100000.0,2000.0,2000.0,2000.0,81.61,100.0,81.61,0.0022853,0.006509827,0.00782367
4B->5X,2024-02-16,JOSE LUIS GONZALEZ,TOMATO,17-YA-FIS-7819,MACONDO,13101270,FIS-M-OPF-Large-Loose-Hot Wet Uniform,FIS-OPF-Spring & Summer,Colombia,ANDEAN NORTH,COLOMBIA,Gold,C,Medium,Brand New,,,Basic,2/1/2024,3/1/2024,MK,USD,3000,5000,8000,50.0,51.5,53.05,0.13,0.13,0.13,5346959.0,5378191.0,5376040.0,3.8,3.9,4.03,23cbe261-71ec-44f1-b822-4a08946b4c0d,2024_TOMATO_17-YA-FIS-7819_MACONDO_PM10002724_CO,2/16/2024 5:42:49 PM,130500.0,224025.0,369228.0,43.5,44.805,46.1535,91.26437,91.29561,91.26826,0.0244064,0.04165434,0.06868029
4B->5X,2023-08-30,DANIELA AUGUSTINHO,SWEET CORN,20-AV-TSY-0495,SVSN0495,30180785,TSY-M-Processing,TSY-OPF,Brazil,BRAZIL,BRAZIL,Gold,B,Medium,Replacement,SVSN1143,1.0,Basic,9/1/2024,9/1/2024,MK,USD,60000,96000,60000,3.93,4.01,4.09,0.32,0.32,0.32,9840538.0,10132710.0,10435980.0,1.26,1.28,1.3,e2ae9ca0-fd1f-4dd0-90ac-3166d7a24855,2024_SWEET CORN_20-AV-TSY-0495_SVSN0495_PM10008926_BR,8/26/2024 10:10:12 AM,160344.0,261772.8,166872.0,2.6724,2.7268,2.7812,52.85137,53.05854,53.25759,0.01629423,0.02583444,0.01599006
4B->5X,2023-08-30,,TOMATO,16-A8-FIR-3562,AMANKAY,13009965,FIR-M-GRH-Large-Loose-Hot Dry to Cold,FIR-GRH-Large-Loose-Autumn,Costa Rica,CA/CARIBBEAN,CENTRAL AMERICA,,C,Easy,Complementation,DRW 7810,,Basic,12/1/2022,12/1/2022,MK,USD,600,1000,1300,140.0,140.0,144.2,0.25,0.25,0.25,,,,54.0,54.0,8.0,9c0d7ac6-898c-4c61-8cc6-929dd3069397,2023_TOMATO_16-A8-FIR-3562_AMANKAY_PM10002707_CR,9/29/2023 10:35:22 AM,63000.0,105000.0,140595.0,105.0,105.0,108.15,48.57143,48.57143,92.60287,,,
4B->5X,2024-07-24,FLORENCE MUTHEE,TOMATO,21-9W-FDS-8805,SVTE8805,30172714,FDS-E-OPF-Hot to Cold,FDS-OPF-Large,Kenya,CENTER EAST AFRICA,CENTER EAST AFRICA,Gold,C,Easy,Complementation,,,Basic +,11/1/2024,11/1/2024,MK,KES,10000,20000,70000,2150.0,2215.0,2280.0,0.3,0.3,0.3,571468400.0,588101600.0,605319200.0,508.0,524.0,540.0,cf4b08e4-32b3-4b72-8bd7-eb256c1f0f8f,2024_TOMATO_21-9W-FDS-8805_SVTE8805_PM10008884_KE,7/24/2024 7:38:54 AM,15050000.0,31010000.0,111720000.0,1505.0,1550.5,1596.0,66.24585,66.20445,66.16541,0.02633567,0.05272898,0.1845638
4B->5X,2024-05-09,AGATHE GUERRERO,CUCUMBER,19-Y3-BAP-6028,SPLASH,30064298,BAP-E-GLS-Mini,BAP-GLS-Mini,Netherlands,EMEA GLASS,GLASS NORDICS;GLASS GERMANY;GLASS UNITED KINGDOM;GLASS BENELUX;GLASS FRANCE,,C,Easy,Brand New,,,Basic +,9/1/2023,12/1/2023,MK,EUR,16,16,16,750.0,765.0,780.0,0.05,0.05,0.05,,,,53.0,53.0,53.0,c093d63f-8e33-430a-9899-0744056eb7c3,2024_CUCUMBER_19-Y3-BAP-6028_SPLASH_PM10008915_NL,5/9/2024 2:54:39 AM,11400.0,11628.0,11856.0,712.5,726.75,741.0,92.56141,92.70726,92.8475,,,
4B->5X,2023-10-19,AGATHE GUERRERO,CUCUMBER,21-Y3-EUR-9636,PAXTOR,30163905,EUR-E-GLS-Umbrella-Medium,EUR-GLS-Umbrella-Medium,Netherlands,EMEA GLASS,GLASS UNITED KINGDOM;GLASS NORDICS;GLASS GERMANY;GLASS FRANCE;GLASS BENELUX,Gold,C,,Replacement,JADEO,1.0,Basic,9/1/2023,1/1/2024,MK,EUR,1000,2000,3000,700.0,717.0,731.0,,,,5350829.0,5414664.0,5377929.0,53.18,53.18,53.18,2c8361fe-d758-47bd-a973-f541fda67267,2023_CUCUMBER_21-Y3-EUR-9636_PAXTOR_PM10002149_NL,4/9/2024 5:29:16 AM,700000.0,1434000.0,2193000.0,700.0,717.0,731.0,92.40285,92.58298,92.72503,0.1308209,0.2648364,0.4077778
4B->5X,2024-10-02,AGATHE GUERRERO,PEPPER,23-XZ-BLK-1795,LOADER,30326559,BLK-E-GLS-Red,BLK-GLS-Red,Netherlands,EMEA GLASS,GLASS NORDICS;GLASS GERMANY;GLASS UNITED KINGDOM;GLASS BENELUX;GLASS FRANCE,Gold,C,Medium,Brand New,,,Basic +,9/1/2024,10/1/2024,MK,EUR,500,1000,2000,670.0,683.4,697.07,0.85,0.85,0.85,13566340.0,14276940.0,14935860.0,14.96,14.96,14.96,57514c5e-c8de-4871-8753-7f2d7b81ee04,2024_PEPPER_23-XZ-BLK-1795_LOADER_PM10002952_NL,10/2/2024 12:05:31 PM,50249.99,102510.0,209121.0,100.5,102.51,104.5605,85.11443,85.4063,85.69249,0.00370402,0.007180107,0.01400127
4B->5X,2024-06-06,AGATHE GUERRERO,TOMATO,22-HE-CCT-8093,BEAUTISHER,30297435,CCT-E-GLS-Cherry Plum-Truss,CCT-GLS-Cherry-Plum Truss,Netherlands,EMEA GLASS,GLASS NORDICS;GLASS GERMANY;GLASS UNITED KINGDOM;GLASS BENELUX;GLASS FRANCE,Gold,B,Medium,Replacement,DELISHER,0.8,Basic +,4/1/2024,4/1/2024,MK,EUR,865,1839,1807,1845.0,1891.0,1938.0,0.15,0.15,0.15,527355.0,696109.0,871402.0,17.63,17.63,17.63,d23d39cd-0ac4-4c4b-8943-ef05abb920b8,2024_TOMATO_22-HE-CCT-8093_BEAUTISHER_PM10002752_NL,6/24/2024 6:49:55 AM,1356536.0,2955917.0,2976671.0,1568.25,1607.35,1647.3,98.87582,98.90316,98.92976,2.57234,4.246342,3.415956
4B->5X,2023-08-30,AGATHE GUERRERO,TOMATO,22-XM-FSP-4507,DRTS4507,30242003,FSP-E-GLS,FSP-GLS,Poland,EMEA GLASS,GLASS POLAND,Bronze,C,Difficult,Replacement,BEORANGE,0.7,Basic,9/1/2024,9/1/2024,MK,PLN,100,130,150,3645.0,3736.0,3829.0,,,,,,,24.19,24.67,25.17,1fba74cc-55a5-4e23-82d8-14372842f886,2023_TOMATO_22-XM-FSP-4507_DRTS4507_PM10002806_PL,8/29/2024 8:09:36 AM,364500.0,485680.0,574350.0,3645.0,3736.0,3829.0,99.33635,99.33967,99.34265,,,
4B->5X,2023-08-30,AGATHE GUERRERO,TOMATO,23-XM-FIP-4857,FUTUMARU,30328371,FIP-E-GLS,FIP-GLS,Poland,EMEA GLASS,GLASS POLAND,Gold,C,Medium,Replacement,HAKUMARU,0.12,Basic +,8/1/2024,8/1/2024,MK,PLN,500,120,100,3560.0,3649.0,3740.0,0.05,0.05,0.05,,,,15.63,15.94,16.26,8563dc9e-dfc3-4360-8048-247d844048a2,2023_TOMATO_23-XM-FIP-4857_FUTUMARU_PM10008833_PL,8/29/2024 3:51:30 AM,1691000.0,415986.0,355300.0,3382.0,3466.55,3553.0,99.53785,99.54018,99.54236,,,
4B->5X,2023-08-30,AGATHE GUERRERO,CUCUMBER,21-Y3-EUR-1355,GOMAX,30202664,EUR-E-GLS-Umbrella-Medium,EUR-GLS-Umbrella-Medium,Netherlands,EMEA PROCESSING,PROCESSING GERMANY;PROCESSING ITALY;PROCESSING FRANCE;PROCESSING NORDICS,Gold,B,,Replacement,PLEXOR,,Basic +,1/1/2024,3/1/2023,MK,EUR,250,600,600,718.5,732.87,747.53,0.1,0.1,0.05,,,,53.18,53.18,53.18,28f5773c-bb86-40d2-bfa8-129cde9eff67,2023_CUCUMBER_21-Y3-EUR-1355_GOMAX_PM10002149_NL,5/9/2024 2:21:11 AM,161662.5,395749.8,426092.1,646.65,659.583,710.1535,91.77607,91.93732,92.51147,,,
4B->5X,2025-03-20,CORISAND VASSAL,CUCUMBER,21-Y2-EUR-1524,SVCE1524,30281903,EUR-E-GRH-Spring & Summer,EUR-GRH-Spring & Summer,Spain,IBERICA,PORTUGAL;SPAIN,Gold,C,Easy,Complementation,,,Basic,3/1/2025,3/1/2025,MK,EUR,400,650,950,365.0,365.0,365.0,0.22,0.22,0.22,5120915.0,5477800.0,5802354.0,208290.0,189138.0,198206.0,1e7da1dc-30d8-4504-84d0-52a5f918f45a,2025_CUCUMBER_21-Y2-EUR-1524_SVCE1524_PM10002154_ES,3/20/2025 9:43:41 AM,113880.0,185055.0,270465.0,284.7,284.7,284.7,-73061.23,-66334.14,-69519.25,0.02223821,0.03378272,0.04661298
4B->5X,2024-11-13,MELISSA DIQUEZ DIAZ,MELON,16-HK-GAL-6792,SVMG6792,12647412,GAL-E-OPF-LSL,GAL-OPF-LSL,Spain,IBERICA,PORTUGAL;SPAIN,Gold,C,Easy,Complementation,,,Basic,11/1/2024,11/1/2024,MK,EUR,250,400,400,276.6,276.6,276.6,0.25,0.25,0.25,3950295.0,4029309.0,4109844.0,52346.0,54424.0,47532.0,32a48148-581b-4f2c-ab0e-285c29e0b405,2024_MELON_16-HK-GAL-6792_SVMG6792_PM10002180_ES,11/13/2024 8:54:59 AM,51862.5,82980.0,82980.0,207.45,207.45,207.45,-25133.07,-26134.75,-22812.51,0.01312877,0.0205941,0.02019055
4B->5X,2023-11-02,MELISSA DIQUEZ DIAZ,MELON,21-HK-GAL-1006,SVMG1006,30180990,GAL-E-OPF-LSL,GAL-OPF-LSL,Spain,IBERICA,PORTUGAL;SPAIN,Gold,C,Easy,Complementation,,,Basic,11/1/2023,12/1/2023,MK,EUR,250,250,250,260.75,265.97,271.28,,,,2576320.0,2998497.0,3154619.0,12.8,13.0,13.25,e0b91d85-3ec5-427e-9ba5-1fc90a51262a,2023_MELON_21-HK-GAL-1006_SVMG1006_PM10002180_ES,11/2/2023 6:28:08 AM,65187.5,66492.5,67820.0,260.75,265.97,271.28,95.09108,95.11223,95.11575,0.02530256,0.02217528,0.02149863
4B->5X,2024-11-04,MELISSA DIQUEZ DIAZ,MELON,22-DN-AMA-6731,SVMA6731,30254351,AMA-E-OPF-Orange Flesh,AMA-OPF-Orange Flesh,Spain,IBERICA,PORTUGAL;SPAIN,Gold,B,Easy,Replacement,,,Basic,11/1/2024,11/1/2024,MK,EUR,650,700,700,418.4,418.4,418.4,0.22,0.22,0.22,379747.0,387341.0,395088.0,12194.0,13329.0,13529.0,dfeb2aa0-d114-455f-bf1f-8ba7568b2ad8,2024_MELON_22-DN-AMA-6731_SVMA6731_PM10008803_ES,11/4/2024 9:53:26 AM,212128.8,228446.4,228446.4,326.352,326.352,326.352,-3636.456,-3984.24,-4045.524,0.5586056,0.589781,0.5782165
4B->5X,2024-11-13,MELISSA DIQUEZ DIAZ,MELON,22-HK-GAL-1586,SVMG1586,30252458,GAL-E-OPF-LSL,GAL-OPF-LSL,Spain,IBERICA,PORTUGAL;SPAIN,Gold,B,Medium,Replacement,SV5133MG,,Basic,11/1/2024,11/1/2024,MK,EUR,800,1500,1800,276.6,276.6,276.6,0.25,0.25,0.25,3950295.0,4029309.0,4109844.0,12.61,13.24,13.9,eabc7f7d-1272-4df3-a8fe-dc2fd19c1820,2024_MELON_22-HK-GAL-1586_SVMG1586_PM10002180_ES,11/13/2024 8:41:56 AM,165960.0,311175.0,373410.0,207.45,207.45,207.45,93.92143,93.61774,93.29959,0.04201205,0.07722788,0.09085746
4B->5X,2024-06-07,MELISSA DIQUEZ DIAZ,PEPPER,21-XG-HLG-5804,BULTACO,30191674,HLG-E-GRH-Green & Red-Autumn,HLG-GRH-Green & Red,Spain,IBERICA,PORTUGAL;SPAIN,Gold,B,Easy,Replacement,,,Basic,6/1/2024,6/1/2024,MK,EUR,2700,4500,4000,464.0,464.0,464.0,0.25,0.25,0.25,5233261.0,5502362.0,5784596.0,31.8,31.8,31.8,6f96883c-9b6a-4bde-8247-a154b67ab96f,2024_PEPPER_21-XG-HLG-5804_BULTACO_PM10002967_ES,6/7/2024 3:33:28 AM,939600.0,1566000.0,1392000.0,348.0,348.0,348.0,90.86207,90.86207,90.86207,0.1795439,0.2846051,0.2406391
4B->5X,2024-06-05,MELISSA DIQUEZ DIAZ,TOMATO,22-9W-FIR-3017,CALACOPE,30199890,FIR-E-GRH-Large-Loose-Winter,FIR-GRH-Large-Loose-Winter,Spain,IBERICA,PORTUGAL;SPAIN,Gold,C,Easy,Replacement,,,Basic,4/1/2024,6/1/2024,MK,EUR,500,1000,1000,405.0,405.0,405.0,0.42,0.42,0.42,1899487.0,1896865.0,1902837.0,19.43,19.43,19.43,e4d23599-e56e-4380-9b73-bd8cf117bfaa,2024_TOMATO_22-9W-FIR-3017_CALACOPE_PM10002790_ES,6/13/2024 7:25:57 AM,117450.0,234900.0,234900.0,234.9,234.9,234.9,91.72839,91.72839,91.72839,0.06183249,0.1238359,0.1234473
4B->5X,2025-02-24,MAXIME COQUE,TOMATO,22-XI-TRS-0067,DRTX6695,30214541,TRS-E-GRH-Superior,TRS-GRH-Superior,Spain,IBERICA,PORTUGAL;SPAIN,Gold,B,Easy,Complementation,,,Basic +,3/1/2025,3/1/2025,MK,EUR,2800,4000,4900,195.0,195.0,195.0,0.35,0.35,0.35,8579202.0,8750889.0,8925809.0,473014.0,469675.0,485026.0,32c052b4-ddce-40c6-8d98-1a7561407607,2025_TOMATO_22-XI-TRS-0067_DRTX6695_PM10008407_ES,3/20/2025 9:09:18 AM,354900.0,507000.0,621075.0,126.75,126.75,126.75,-373086.6,-370452.3,-382563.5,0.04136748,0.05793697,0.06958193
4B->5X,2023-10-12,MELISSA DIQUEZ DIAZ,WATERMELON,19-EJ-SRS-9616,LUNALINDA,30180803,SRS-E-OPF,SRS-OPF,Spain,IBERICA,PORTUGAL;SPAIN,Gold,A,,Complementation,,,Basic,11/1/2023,11/1/2023,MK,EUR,420,800,1200,295.0,295.0,295.0,,,,4786267.0,4882034.0,4979684.0,126.43,126.43,126.43,f5eab3cb-0455-4756-ac3a-6eecbf9110e4,2023_WATERMELON_19-EJ-SRS-9616_LUNALINDA_PM10002237_ES,11/27/2023 7:04:03 AM,123900.0,236000.0,354000.0,295.0,295.0,295.0,57.14238,57.14238,57.14238,0.02588656,0.04834051,0.07108885
4B->5X,2024-09-22,RITA HASERJIAN,CARROT,16-R9-NAN-5865,SVDN5865,12560777,NAN-E-Full Main & Late-A. Dauci Non-Resistant,NAN-OPF-Standard,Iran,IRAN,IRAN,Silver,C,Medium,Complementation,,,Basic,9/1/2024,3/1/2025,MK,EUR,200,300,500,0.68,0.7,0.72,0.45,0.45,0.43,273714.9,277570.1,281425.2,0.31,0.31,0.31,da30d2e2-e566-491c-8a47-05ecd8dddcb3,2024_CARROT_16-R9-NAN-5865_SVDN5865_PM10003200_IR,9/22/2024 5:03:44 AM,74.8,115.5,205.2,0.374,0.385,0.4104,17.1123,19.48051,24.46394,0.000273277,0.0004161111,0.0007291457
4B->5X,2023-10-25,ELI TAARI,MELON,17-DN-ANA-8326,SVMN8326,12951362,ANA-E-OPF-Orange Flesh,ANA-OPF-Orange Flesh,Iran,IRAN,IRAN,Bronze,C,Easy,Brand New,,,Basic,10/1/2023,7/1/2024,MK,EUR,4000,5000,6500,48.0,48.96,49.94,0.41,0.41,0.41,,,23344480000000.0,15.84,16.16,16.48,265c5720-fce6-4799-af62-e337c8e7f4ce,2023_MELON_17-DN-ANA-8326_SVMN8326_PM10008805_IR,10/25/2023 4:49:55 AM,113280.0,144432.0,191519.9,28.32,28.8864,29.4646,44.0678,44.05672,44.06848,,,8.204076e-09
4B->5X,2024-05-20,CHIARA BONOMI,FENNEL,19-KR-SUM-4994,SVFM4994,30150688,SUM-E-OPF-Early,SUM-OPF-Early,Italy,ITALY,ITALY,Gold,B,Easy,Replacement,SV5057FM,0.4,Basic +,6/1/2025,6/1/2025,MK,EUR,5000,15000,35000,17.82,18.18,18.55,0.1,0.1,0.1,900399.0,916617.0,933120.0,1.0,1.0,1.0,70afaec5-f198-4fde-b78e-ba9769d93b19,2024_FENNEL_19-KR-SUM-4994_SVFM4994_PM10008855_IT,5/15/2024 9:03:01 AM,80190.0,245430.0,584325.0,16.038,16.362,16.695,93.76481,93.88828,94.01018,0.08906052,0.2677563,0.6262056
4B->5X,2023-10-12,CHIARA BELLINI,MELON,16-DN-AMA-6670,MABROUKA,12951338,AMA-E-OPF-Rough,AMA-OPF-Rough,Italy,ITALY,ITALY,Gold,B,Medium,Complementation,,,Basic,10/1/2023,11/1/2023,MK,EUR,200,300,400,205.0,213.2,219.6,0.1,0.1,0.1,2902930.0,3165118.0,3297750.0,14.76,14.76,14.76,e4dccb9b-c8dc-49cc-a86d-e6338d381295,2023_MELON_16-DN-AMA-6670_MABROUKA_PM10002166_IT,10/25/2023 7:52:29 AM,36900.0,57564.0,79056.0,184.5,191.88,197.64,92.0,92.30769,92.53188,0.01271129,0.018187,0.02397271
5X->,2025-03-05,,MELON,17-AZ-ITA-5454,ARANGINA,12812178,ITA-E-OPF-ESL,ITA-OPF-ESL,Italy,ITALY,ITALY,Gold,C,,Complementation,,,Basic,3/1/2025,3/1/2025,MK,EUR,100,150,200,69.0,70.0,72.0,0.25,0.2,0.14,12648900.0,12901910.0,13159920.0,23.0,23.0,24.0,e07fc29b-78af-4204-872d-e4b870779a3f,2025_MELON_17-AZ-ITA-5454_ARANGINA_PM10008844_IT,3/5/2025 8:06:47 AM,5175.0,8400.0,12384.0,51.75,56.0,61.92,55.55556,58.92857,61.24031,0.0004091267,0.0006510662,0.0009410391
4B->5X,2023-08-30,CHIARA BELLINI,MELON,17-DN-AMA-6874,MANCHESTER,13104769,AMA-E-OPF-Semi Rough,AMA-OPF,Italy,ITALY,ITALY,Clay,C,Easy,Complementation,,,Basic,10/1/2024,2/1/2025,MK,EUR,500,800,1200,217.3,221.6,226.0,0.09,0.09,0.09,,,,29.9,29.9,29.9,4636249b-2ac7-4bb7-8f97-05204f50f1a7,2023_MELON_17-DN-AMA-6874_MANCHESTER_PM10002168_IT,10/9/2024 3:23:27 AM,98871.5,161324.8,246792.0,197.743,201.656,205.66,84.87936,85.17278,85.46144,,,
4B->5X,2024-09-02,CHIARA BELLINI,MELON,22-AZ-ITA-1562,SVML1562,30252014,ITA-E-OPF-ESL,ITA-OPF-ESL,Italy,ITALY,ITALY,Gold,B,,Complementation,IMPERO,0.1,Basic +,10/1/2024,12/1/2024,MK,EUR,1000,2000,2500,332.0,338.62,345.51,0.09,0.09,0.09,13411170.0,14670130.0,14963580.0,15.69,15.69,15.69,87e37c22-1600-47f7-890d-7d871d504216,2024_MELON_22-AZ-ITA-1562_SVML1562_PM10008844_IT,9/2/2024 4:56:10 AM,302120.0,616288.4,786035.3,302.12,308.1442,314.4141,94.8067,94.90823,95.00977,0.02252749,0.04200973,0.05252989
4B->5X,2023-10-12,CHIARA BELLINI,TOMATO,21-XM-FIS-4029,FULVENTO,30143921,FIS-E-GLS,FIS-GLS,Italy,ITALY,ITALY,Bronze,A,Easy,Complementation,,,Basic,10/1/2023,11/1/2023,MK,EUR,10,60,90,1350.0,1350.0,1390.0,0.1,0.1,0.1,,,,27.98,27.98,27.98,e4286590-0042-431f-8419-aa2ddc434bd1,2023_TOMATO_21-XM-FIS-4029_FULVENTO_PM10002820_IT,10/23/2023 2:44:43 AM,12150.0,72900.0,112590.0,1215.0,1215.0,1251.0,97.69712,97.69712,97.76339,,,
4B->5X,2025-03-31,SWANNY CHOUTEAU,TOMATO,23-HE-CCT-0014,SVTC0014,30291253,CCT-E-GRH-Cherry Plum-Truss,CCT-GRH-Cherry-Plum Truss,Italy,ITALY,ITALY,Gold,C,Easy,Complementation,,,Basic,4/1/2025,7/1/2025,MK,EUR,500,1000,2500,381.0,388.0,396.0,0.1,0.1,0.1,7674964.0,7828474.0,7985084.0,33.9,34.5,35.3,708a3af9-17ee-4f2f-ac37-e777ddd1f7d9,2025_TOMATO_23-HE-CCT-0014_SVTC0014_PM10002758_IT,3/31/2025 9:36:16 AM,171450.0,349200.0,891000.0,342.9,349.2,356.4,90.11374,90.12028,90.0954,0.02233887,0.0446064,0.111583
5X->,2025-03-05,,WATERMELON,14-EJ-SOE-3356,EXHEDRA,12420525,SOE-E-OPF,SOE-OPF,Italy,ITALY,ITALY,Gold,A,,Complementation,,,Basic,3/1/2025,3/1/2025,MK,EUR,50,250,600,113.0,115.0,118.0,0.25,0.2,0.14,2960431.0,3024555.0,3085077.0,15.0,15.0,16.0,7ae60198-a5f7-4bdc-913d-b22f5ff81c4d,2025_WATERMELON_14-EJ-SOE-3356_EXHEDRA_PM10008080_IT,3/5/2025 8:04:10 AM,4237.5,23000.0,60888.0,84.75,92.0,101.48,82.30088,83.69565,84.23335,0.001431379,0.007604424,0.0197363
4B->5X,2023-08-30,JORGE CRUZ,WATERMELON,18-EJ-SOE-7157,SVWL7157,13039392,SOE-M-OPF-Standard Diploid,SOE-OPF,Chile,LAS,CHILE,Gold,I,Easy,Replacement,EXHEDRA,1.0,Basic,12/1/2023,3/1/2024,MK,USD,1556,1556,1556,148.61,151.58,154.61,0.39,0.39,0.39,,22408510000000.0,,18.0,18.0,18.0,2c5b7626-917a-4c39-a4a6-94d803968a13,2023_WATERMELON_18-EJ-SOE-7157_SVWL7157_PM10008127_CL,11/16/2023 11:33:35 AM,141054.7,143873.7,146749.6,90.6521,92.46381,94.3121,80.14387,80.53292,80.91443,,6.420492e-09,
5X->,2024-06-13,AMINE HARRASSI,CAULIFLOWER,PX-514415,CIELO BLANCO,10839188,CLF-E-OPF-Main Late,CLF-OPF-Main,Algeria,MAGHREB,NORTH AFRICA,Silver,C,,Complementation,CIELO BLANCO,,Basic,6/1/2024,6/1/2024,MK,USD,750,5000,17500,9.29,10.0,11.0,0.3,0.3,0.3,667470.0,680820.0,694436.0,3.73,3.73,3.73,c375f725-a26f-4125-b7e8-204422401e47,2024_CAULIFLOWER_PX-514415_CIELO BLANCO_PM10008825_DZ,6/13/2024 7:42:46 AM,4877.25,35000.0,134750.0,6.503,7.0,7.7,42.64185,46.71429,51.55844,0.00730707,0.0514086,0.1940424
4B->5X,2024-07-10,AMINE HARRASSI,MELON,17-DN-ANA-8399,SVMN8399,13105490,ANA-E-OPF-Orange Flesh,ANA-OPF-Orange Flesh,Algeria,MAGHREB,NORTH AFRICA,Silver,C,Easy,Replacement,DRM 3241,0.5,Basic,10/1/2024,10/1/2024,MK,USD,1500,3000,5000,82.0,84.0,86.0,0.291,0.3,0.3,649606.0,662598.0,675850.0,15.01,15.39,15.77,9dfa19c5-356a-4cd6-b54e-d8d461bc6cd1,2024_MELON_17-DN-ANA-8399_SVMN8399_PM10008805_DZ,7/10/2024 11:00:04 AM,87207.0,176400.0,301000.0,58.138,58.8,60.2,74.18211,73.82653,73.80399,0.134246,0.2662248,0.4453651
4B->5X,2024-08-05,AMINE HARRASSI,MELON,18-UM-CHA-8795,ADAGIO,12949710,CHA-E-OPF-Semi Netted ESL,CHA-OPF-ESL,Morocco,MAGHREB,MOROCCO,Tin,I,Easy,Brand New,,,Basic,12/1/2024,12/1/2024,MK,EUR,200,200,200,146.8,150.0,160.0,,,,,,,13.72,13.72,13.72,97d3b455-908b-4612-a7e5-a13ace1685f8,2024_MELON_18-UM-CHA-8795_ADAGIO_PM10002173_MA,8/5/2024 5:00:55 AM,29360.0,30000.0,32000.0,146.8,150.0,160.0,90.65395,90.85333,91.425,,,
4B->5X,2024-01-23,JORGE CRUZ,"BEAN, GARDEN",17-DJ-FOR-2091,SVGF2091,12833762,FMG-M-Green-Fresh,FMG-OPF,Mexico,MEXICO NORTH,NOGALES MEXICO;OPEN FIELD NORTH SINALOA MX;MEXICO PC KEY CUSTOM;OPEN FIELD SOUTH SINALOA MX;OPEN FIELD SINALOA MX;(Empty);OPEN FIELD COAHUILA - CHIHUAHUA;OPEN FIELD SONORA MEXICO;OPEN FIELD BAJA MEXICO,Gold,B,Easy,Complementation,,,Basic,1/1/2024,2/1/2024,MK,USD,66000,121000,121000,4.75,4.85,4.94,0.32,0.32,0.3,,22408510000000.0,23259960000000.0,0.82,0.84,0.86,d217ded3-00db-4c44-835e-cfc5177051f4,Garden Bean Green Delicious,1/23/2024 4:34:42 PM,213180.0,399058.0,418418.0,3.23,3.298,3.458,74.61301,74.53001,75.13013,,1.780832e-08,1.798877e-08
4B->5X,2024-07-15,JORGE CRUZ,SWEET CORN,19-AV-TSY-0363,SWEET COAST,30106814,TSY-M-Processing,TSY-OPF,Mexico,MEXICO NORTH,NOGALES MEXICO;OPEN FIELD NORTH SINALOA MX;MEXICO PC KEY CUSTOM;OPEN FIELD SOUTH SINALOA MX;(Empty);OPEN FIELD SINALOA MX;OPEN FIELD COAHUILA - CHIHUAHUA;OPEN FIELD SONORA MEXICO;OPEN FIELD BAJA MEXICO,Silver,A,Medium,Complementation,,,Basic +,7/1/2024,10/1/2024,MK,USD,15000,80000,110000,8.91,9.09,9.27,0.03,0.03,0.03,646628.0,659025.0,672075.0,1.2729,1.1311,1.156,60c58217-2bf7-4ca4-827d-5f26135b76a8,Sweet Coast Mexico North,7/15/2024 11:31:37 AM,129640.5,705384.0,989109.1,8.6427,8.817301,8.9919,85.27197,87.17181,87.14399,0.200487,1.070345,1.471724
4B->5X,2023-01-08,CARLOS BUZIO,TOMATO,16-A8-FIR-3053,SVTH3053,12909926,FIR-M-GRH-Large-Loose-Hot Wet to Cold,FIR-GRH-Large-Loose-Autumn,Mexico,MEXICO NORTH,NOGALES MEXICO;OPEN FIELD NORTH SINALOA MX;MEXICO PC KEY CUSTOM;OPEN FIELD SOUTH SINALOA MX;OPEN FIELD SINALOA MX;(Empty);OPEN FIELD COAHUILA - CHIHUAHUA;OPEN FIELD SONORA MEXICO;OPEN FIELD BAJA MEXICO,Gold,C,Easy,Complementation,SVTH3047,0.1,Basic,3/1/2020,4/1/2020,MK,USD,1200,4000,6000,295.0,295.0,305.0,0.25,0.23,0.2,,,,10.0,10.0,10.0,f1b1185b-2e31-4f24-8300-7a0f6239a924,2023_TOMATO_16-A8-FIR-3053_SVTH3053_PM10002708_MX,5/3/2023 7:33:59 AM,265500.0,908600.0,1464000.0,221.25,227.15,244.0,95.48022,95.59763,95.90164,,,
4B->5X,2024-09-19,,CUCUMBER,18-M3-ASL-0542,SVCS0542 UNBL,30114051,ASL-M-OPF-Gynoecious,ASL-OPF-Gynoecious,Mexico,MEXICO SOUTH,PROCESSING BAJIO MX;OPEN FIELD NORTH EAST MEXICO;CENTRAL DE ABASTOS MEXICO;OPEN FIELD WEST MX;OPEN FIELD CENTRAL MEXICO;OPEN FIELD BAJIO SOUTH MX;OPEN FIELD BAJIO NORTH MX;OPEN FIELD CHIAPAS - PENINSULA,Gold,C,Easy,Replacement,CORTEZ 85% + CONQUISTADOR 15%,,Basic,9/1/2024,9/1/2024,MK,USD,1500,9000,12000,43.32,44.62,45.96,0.26,0.26,0.26,2049157.0,2090013.0,2132010.0,3.82,4.01,4.21,73a9d5d8-079e-4f5a-8810-4468c6aeffe8,2024_CUCUMBER_18-M3-ASL-0542_SVCS0542 UNBL_PM10002345_MX,9/19/2024 2:34:26 PM,48085.2,297169.2,408124.8,32.0568,33.0188,34.0104,88.08366,87.85541,87.62143,0.02346584,0.1421853,0.1914272
5X->,2023-11-30,JOSE LUIS GONZALEZ,TOMATO,16-XJ-FDS-8804,POCHOTE,13022679,FDS-M-OPF-Large-Loose-Cold to Hot,FDS-OPF-Large-Spring & Summer,Mexico,MEXICO SOUTH,PROCESSING BAJIO MX;OPEN FIELD NORTH EAST MEXICO;CENTRAL DE ABASTOS MEXICO;OPEN FIELD CENTRAL MEXICO;OPEN FIELD WEST MX;OPEN FIELD BAJIO SOUTH MX;OPEN FIELD BAJIO NORTH MX;OPEN FIELD CHIAPAS - PENINSULA,Gold,C,Medium,Brand New,,,Basic,11/1/2023,12/1/2023,MK,USD,2200,2600,6800,70.0,72.1,74.3,0.32,0.32,0.32,8317378.0,8483726.0,8653184.0,7.6,7.89,8.13,87861aa3-7768-4951-b26e-7e1fd85a8e2d,2023_TOMATO_16-XJ-FDS-8804_POCHOTE_PM10002698_MX,11/30/2023 3:22:27 PM,104720.0,127472.8,343563.2,47.6,49.028,50.524,84.03362,83.90716,83.90864,0.01259051,0.01502557,0.03970368
4B->5X,2024-03-11,RITA HASERJIAN,TOMATO,18-AY-FDR-8080,SVTD8080,30135175,FDR-E-OPF-Large-Hot to Cold,FDR-OPF-Large,Iraq,MIDDLE EAST,"IRAQ, LEBANON",Gold,C,Easy,Replacement,OULA F1,1.0,Basic +,3/1/2024,4/1/2024,MK,USD,5000,10000,25000,22.0,22.4,22.8,0.5,0.45,0.42,2191700.0,2213400.0,2235100.0,4.5,4.2,4.0,63d2f4af-e375-426b-b2b9-e142ffacd0dc,2024_TOMATO_18-AY-FDR-8080_SVTD8080_PM10002769_IQ,3/11/2024 4:20:29 AM,55000.0,123200.0,330600.0,11.0,12.32,13.224,59.09091,65.90909,69.75197,0.02509467,0.05566097,0.1479129
4B->5X,2023-08-30,MARTIN MEDINA,CARROT,19-7M-NAN-5904,SILVERSTAR,30063804,NAN-M-Orange-Jumbo,NAN-OPF-Jumbo,USA,NAM NORTH EAST,CANADA;GREAT LAKES;SOUTH US;MID SOUTH US;MIDATLANTIC;MIDWEST US,Clay,B,Medium,Replacement,SV5300DN,0.5,Basic +,5/1/2024,5/1/2024,MK,USD,400000,500000,600000,0.1,0.11,0.12,0.1,0.1,0.1,,,,0.03,,0.03,b3cb29d0-574e-4c68-9ad6-6bfa582cd8b6,2023_CARROT_19-7M-NAN-5904_SILVERSTAR_PM10003316_US,5/3/2024 9:57:23 AM,36000.0,49500.0,64800.0,0.09,0.099,0.108,66.66666,100.0,72.22222,,,
4B->5X,2023-12-01,MARTIN MEDINA,CARROT,19-7M-NAN-5904,SVDN5904,30063804,NAN-M-Orange-Jumbo,NAN-OPF-Jumbo,USA,NAM NORTH EAST,CANADA;GREAT LAKES;MIDWEST US;MID SOUTH US;MIDATLANTIC;SOUTH US,Clay,B,,Complementation,,,Basic,12/1/2023,12/1/2023,MK,USD,400000,500000,600000,0.81,0.83,0.86,0.06,0.06,0.06,,,,0.26375,0.2716625,0.2798,858fc73b-dd31-4357-85a7-0e2016c873dd,2023_CARROT_19-7M-NAN-5904_SVDN5904_PM10003316_US,12/1/2023 4:05:14 PM,304560.0,390100.0,485040.0,0.7614,0.7802,0.8084,65.35986,65.1804,65.38842,,,
5X->,2023-12-01,MARTIN MEDINA,CAULIFLOWER,13-7L-CLF-7205,LUCEX,12407065,CLF-M-OPF-Semi Tropical,CLF-OPF-Semi Tropical,USA,NAM NORTH EAST,CANADA;GREAT LAKES;MIDWEST US;MID SOUTH US;MIDATLANTIC;SOUTH US,,B,Medium,Complementation,,,Basic +,12/1/2023,12/1/2023,MK,USD,2000,5000,8000,35.0,36.05,37.13,0.265,0.265,0.265,,,,5.42,5.58,5.75,d55f85ab-8225-4c67-bab2-0eb6a2972b98,2023_CAULIFLOWER_13-7L-CLF-7205_LUCEX_PM10002626_US,12/1/2023 3:58:22 PM,51450.0,132483.8,218324.4,25.725,26.49675,27.29055,78.931,78.94081,78.93044,,,
4B->5X,2023-12-01,MARTIN MEDINA,ONION,16-SL-STG-1496,KILLINGTON,12535284,STG-M,STG-OPF,Canada,NAM NORTH EAST,CANADA;SOUTH US;MID SOUTH US;MIDATLANTIC;MIDWEST US,Silver,B,,Complementation,,,Basic,12/1/2023,12/1/2023,MK,USD,110000,185000,210000,3.15,3.24,3.34,0.27,0.27,0.27,4795463.0,4886978.0,4978495.0,0.6,0.618,0.6365,03bee4ec-d698-44b3-9d93-0c663b1c8940,2023_ONION_16-SL-STG-1496_KILLINGTON_PM10003358_CA,12/1/2023 4:17:22 PM,252945.0,437562.0,512022.0,2.2995,2.3652,2.4382,73.90738,73.87114,73.89468,0.05274673,0.08953632,0.1028467
4B->5X,2023-12-01,MARTIN MEDINA,ONION,18-SL-OLR-1608,RED GARCIA,12892501,OLR-M,OLR-OPF,USA,NAM NORTH EAST,CANADA;GREAT LAKES;MIDWEST US;MID SOUTH US;MIDATLANTIC;SOUTH US,Gold,C,Medium,Complementation,,,Basic,12/1/2023,12/1/2023,MK,USD,33000,155000,325000,4.2,4.33,4.46,0.26,0.26,0.26,3840679.0,3920967.0,4001747.0,0.51,0.5253,0.5411,593409e4-092f-4967-8f08-fa7633b899a4,2023_ONION_18-SL-OLR-1608_RED GARCIA_PM10003328_US,12/1/2023 4:12:41 PM,102564.0,496651.0,1072630.0,3.108,3.2042,3.3004,83.59074,83.60589,83.60502,0.02670465,0.1266654,0.2680404
4B->5X,2023-12-01,MARTIN MEDINA,ONION,18-SL-STG-7333,BARABOO,12878521,STG-M,STG-OPF,USA,NAM NORTH EAST,CANADA;GREAT LAKES;MIDWEST US;MID SOUTH US;MIDATLANTIC;SOUTH US,Gold,C,,Complementation,,,Basic,12/1/2023,12/1/2023,MK,USD,15000,40000,50000,3.27,3.37,3.45,0.27,0.27,0.27,5641992.0,5752137.0,5862284.0,0.61,0.628,0.647,8ec38af8-1227-41a5-9e92-0610a872545a,2023_ONION_18-SL-STG-7333_BARABOO_PM10003358_US,12/1/2023 4:24:10 PM,35806.5,98404.0,125925.0,2.3871,2.4601,2.5185,74.44598,74.47258,74.3101,0.006346429,0.01710738,0.02148054
4B->5X,2024-08-06,JOSE LUIS GONZALEZ,PEPPER,18-E7-BLK-2713,YELLOWFIN,30062681,BLK-M-OPF-Ripe Harvest-Humid & Warm,BLK-OPF-Green & Red,USA,NAM NORTH EAST,CANADA;GREAT LAKES;MID SOUTH US;MIDATLANTIC;MIDWEST US,Gold,C,Easy,Replacement,SVPB8415,0.2,Basic,6/1/2024,6/1/2024,MK,USD,2600,2700,3050,156.06,156.06,160.74,0.29,0.29,0.29,,,,16.72,17.22,17.73,d369183c-046b-4c8f-ae7c-a9df99226afa,2024_PEPPER_YELLOWFIN_US,8/6/2024 9:39:02 AM,288086.8,299167.0,348082.5,110.8026,110.8026,114.1254,84.9101,84.45885,84.46446,,,
4B->5X,2023-08-01,CARLOS BUZIO,CUCUMBER,19-Y3-BAP-6028,SPLASH,30064298,BAP-M-GLS-Mini,BAP-GLS-Mini,Canada,NAM PC,PC BAJIO SOUTH MEXICO;CA WEST PC;PC WEST MEXICO;CA EAST PC;US/CA PC;CA EAST PC-2;MEXICO PC,Gold,B,Medium,Replacement,JAWELL,1.0,Basic +,6/1/2022,6/1/2022,MK,USD,200,400,900,770.0,793.1,816.89,0.1,0.1,0.1,5234640.0,5428182.0,5628880.0,75.0,75.0,75.0,cca16ae7-c432-490c-af50-b7ecacf457d4,2023_CUCUMBER_19-Y3-BAP-6028_SPLASH_PM10008039_CA,8/24/2023 9:29:39 AM,138600.0,285516.0,661680.9,693.0,713.79,735.201,89.17749,89.49271,89.79871,0.02647747,0.05259883,0.1175511
4B->5X,2023-09-07,CARLOS BUZIO,CUCUMBER,19-Y3-EUR-9615,KEYSTONE,13050433,EUR-M-GLS-Umbrella-Large,EUR-GLS-Umbrella-Large,USA,NAM PC,PC BAJIO SOUTH MEXICO;PC NORTH SINALOA & SONORA MX;PC BAJA MX;CA WEST PC;CA EAST PC;PC LAGUNA / BAJIO NORTH MX;PC SOUTH SINALOA MX;PC WEST MEXICO;US/CA PC;CA EAST PC-2;MEXICO PC,Gold,C,Easy,Replacement,CAMARO,0.5,Basic,5/1/2022,5/1/2022,MK,USD,300,600,950,652.0,665.0,678.0,0.2,0.2,0.2,36660.0,42100.0,45786.0,50.0,50.0,50.0,89a2d8fd-a358-4ed3-995a-b218754add6b,2023_CUCUMBER_19-Y3-EUR-9615_KEYSTONE_PM10002355_US,9/7/2023 11:14:04 AM,156480.0,319200.0,515280.0,521.6,532.0,542.4,90.41412,90.6015,90.78172,4.268413,7.581948,11.2541
5X->,2023-11-01,LEO KELLY,PEA,13-C7-DLF-1476,AMNICON,12192354,DLF-M-Full Main-Large Sieve-Processing,DLF-OPF,USA,NAM PROCESSING,PROCESSING CENTRAL VALLEY CALIF;PROCESSING CANADA QC;NORTHWEST US;CANADA;PROCESSING SOUTH US;PROCESSING MIDWEST WI;PROCESSING CANADA ON;PROCESSING NORTHWEST US;PROCESSING GREAT LAKES;PROCESSING MIDWEST MN;MIDWEST US,Gold,B,Medium,Complementation,EX 08540794,0.1,Basic,12/1/2023,12/1/2023,MK,USD,520,635,750,0.55,0.57,0.58,0.07,0.07,0.07,20217910.0,20745710.0,21273500.0,0.41,0.43,0.44,216c5369-5fbb-414f-a83f-8e67969f3390,2023_PEA_13-C7-DLF-1476_AMNICON_PM10003361_US,8/9/2024 11:53:59 AM,265.98,336.6135,404.55,0.5115,0.5301,0.5394,19.8436,18.88323,18.42788,1.315566e-05,1.622569e-05,1.901662e-05
4B->5X,2023-08-30,JAVIER DELGADO,"BEAN, GARDEN",19-DJ-FOR-2123,SVGF2123,30119295,FOR-M-Green-Processing,FOR-OPF,USA,NAM SOUTH EAST,"EAST GEORGIA;SOUTHWEST GEORGIA AN;SOUTHEAST FLORIDA;(Empty);SOUTHWEST FLORIDA;CENTRAL AND NORTH FL;NC, SC AND VIRGINIA",Gold,B,Easy,Complementation,,,Basic,9/1/2024,1/1/2025,MK,USD,200000,425000,575000,2.2,2.4,2.55,,,,438960.0,448880.0,458800.0,1.0,1.0,1.0,412b69c8-ca49-49c1-ad56-07c5b67c6660,"2024_BEAN, GARDEN_19-DJ-FOR-2123_SVGF2123_PM10003295_US",9/12/2024 9:29:39 AM,440000.0,1020000.0,1466250.0,2.2,2.4,2.55,54.54546,58.33334,60.78432,1.002369,2.272322,3.195837
4B->5X,2023-11-30,JOSE LUIS GONZALEZ,PEPPER,18-E7-SPE-2762,EXUMA,30060277,HLG-M-Cubanelle,HLG-OPF-Cubanelle,USA,NAM SOUTH EAST,"EAST GEORGIA;SOUTHWEST GEORGIA AN;SOUTHEAST FLORIDA;(Empty);SOUTHWEST FLORIDA;CENTRAL AND NORTH FL;NC, SC AND VIRGINIA",Bronze,B,Easy,Complementation,,,Basic,11/1/2023,12/1/2023,MK,USD,800,1800,3000,85.0,87.98,89.73,0.12,0.12,0.12,389538.0,397293.0,405223.0,11.37,23.98,24.7,4e98ab07-9b77-428e-82a1-6db066bfdb73,2023_PEPPER_18-E7-SPE-2762_EXUMA_PM10002902_US,11/30/2023 2:25:25 PM,59840.0,139360.3,236887.2,74.8,77.4224,78.9624,84.79947,69.02705,68.71929,0.1536179,0.3507746,0.5845848
4B->5X,2024-08-06,JOSE LUIS GONZALEZ,PEPPER,18-E7-SPE-3405,MPR3405,30217177,SPE-M-OPF-Mini Pointed-Sweet,SPE-OPF-Sweet-Mini Pointed,USA,NAM SOUTH EAST,"EAST GEORGIA;SOUTHWEST GEORGIA AN;SOUTHEAST FLORIDA;(Empty);SOUTHWEST FLORIDA;CENTRAL AND NORTH FL;NC, SC AND VIRGINIA",Gold,B,Easy,Replacement,SVPS0897,0.3,Basic,8/1/2024,8/1/2024,MK,USD,500,500,1500,229.24,240.7,247.92,0.12,0.12,0.12,3000000.0,3090000.0,3182700.0,33.97,34.99,36.0,70c6c2d2-2b43-4136-812a-4dd4934ace5f,2024_PEPPER_18-E7-SPE-3405_MPR3405_PM10008930_US,8/6/2024 8:40:02 AM,100865.6,105908.0,327254.4,201.7312,211.816,218.1696,83.16076,83.48094,83.49908,0.03362187,0.03427443,0.1028229
5X->,2023-11-30,JOSE LUIS GONZALEZ,PEPPER,17-8T-BLK-9514,GAVIOTA,12957840,BLK-M-OPF-Concentrated Harvest-Arid,BLK-OPF-Green & Red,USA,NAM WEST,NORTHWEST US;NORTH COAST US;DESERT US;CENTRAL VALLEY CALIF;(Empty);SOUTH COAST US;TEXAS,Gold,C,Easy,Complementation,,,Basic,11/1/2023,12/1/2023,MK,USD,846,2000,4000,63.0,64.89,66.84,0.307,0.307,0.307,9585495.0,10085240.0,10286510.0,13.4,13.99,14.41,7a2b58eb-b6cc-49ab-b168-81a01ec5a27f,2023_PEPPER_17-8T-BLK-9514_GAVIOTA_PM10002892_US,11/30/2023 4:33:16 PM,36935.51,89937.53,185280.5,43.659,44.96877,46.32011,69.30759,68.88952,68.8904,0.003853271,0.008917742,0.01801198
4B->5X,2024-02-16,JOSE LUIS GONZALEZ,PEPPER,19-8T-HLG-8928,RED MISSION,30112302,HLG-M-OPF-Arid,HLG-OPF-Green & Red,USA,NAM WEST,NORTHWEST US;NORTH COAST US;DESERT US;CENTRAL VALLEY CALIF;(Empty);SOUTH COAST US;TEXAS,Gold,C,Easy,Complementation,,,Basic,2/1/2024,2/1/2024,MK,USD,2800,4200,6000,68.05,70.09,72.19,0.31,0.31,0.31,1978903.0,2018494.0,2048807.0,5.68,6.0,6.3,875972e9-30e8-43c3-9805-24f0e9c9c96a,2024_PEPPER_19-8T-HLG-8928_RED MISSION_PM10002906_US,2/16/2024 5:54:38 PM,131472.6,203120.8,298866.6,46.9545,48.3621,49.8111,87.90318,87.59359,87.35222,0.06643712,0.1006299,0.1458735
4B->5X,2022-10-01,LEO KELLY,TOMATO,18-9Z-PMU-9034,SVTM9034,30106499,PMU-M-OPF-Main-Thin,PMU-OPF-Thin,USA,NAM WEST,NORTHWEST US;NORTH COAST US;DESERT US;CENTRAL VALLEY CALIF;(Empty);SOUTH COAST US;TEXAS,Gold,A,,Replacement,,,Basic,10/1/2022,12/1/2022,MK,USD,9500,28500,30000,32.5,33.15,33.81,0.34,0.34,0.34,5310229.0,5760217.0,5874619.0,6.97,7.11,7.25,34cdd470-0a99-4ee7-a23f-49a6249ea7bb,2022_TOMATO_18-9Z-PMU-9034_SVTM9034_PM10002740_US,8/16/2023 11:51:28 AM,203775.0,623551.5,669438.0,21.45,21.879,22.3146,67.50582,67.50308,67.51006,0.03837405,0.1082514,0.1139543
4B->5X,2023-08-01,LEO KELLY,TOMATO,18-9Z-PMU-9036,SVTM9036,30106496,PMU-M-OPF-Thin-Intermediate,PMU-OPF-Thin,USA,NAM WEST,NORTHWEST US;NORTH COAST US;DESERT US;CENTRAL VALLEY CALIF;(Empty);SOUTH COAST US;TEXAS,Gold,B,,Replacement,SVTM9021,,Basic,10/1/2022,12/1/2022,MK,USD,3350,3300,45000,33.87,34.55,35.24,0.34,0.34,0.34,12370670.0,13679000.0,13952580.0,6.97,7.11,7.25,c2300851-fe82-415f-8cb5-88f2d4fe9e25,2023_TOMATO_18-9Z-PMU-9036_SVTM9036_PM10008138_US,8/16/2023 2:05:39 PM,74886.56,75249.9,1046628.0,22.3542,22.803,23.2584,68.82018,68.81989,68.82846,0.00605356,0.005501126,0.07501324
4B->5X,2022-10-01,LEO KELLY,TOMATO,19-9Z-PMU-9033,SVTM9033,30106470,PMU-M-OPF-Early,PMU-OPF-Early,USA,NAM WEST,NORTHWEST US;NORTH COAST US;DESERT US;CENTRAL VALLEY CALIF;(Empty);SOUTH COAST US;TEXAS,Gold,A,,Replacement,,,Basic,10/1/2022,12/1/2022,MK,USD,6000,8000,13000,32.49,33.14,33.8,0.34,0.34,0.34,5094437.0,5527711.0,5639176.0,7.34,7.49,7.64,539cddf7-6806-425d-aeba-55c0c88ee5f5,2022_TOMATO_19-9Z-PMU-9033_SVTM9033_PM10002730_US,8/16/2023 11:42:49 AM,128660.4,174979.2,290004.0,21.4434,21.8724,22.308,65.77036,65.75593,65.7522,0.02525508,0.03165491,0.05142666
4B->5X,2023-08-01,LEO KELLY,TOMATO,19-9Z-PMU-9037,SVTM9037,30106502,PMU-M-OPF-Main-Thick,PMU-OPF-Thick,USA,NAM WEST,NORTHWEST US;NORTH COAST US;DESERT US;CENTRAL VALLEY CALIF;(Empty);SOUTH COAST US;TEXAS,Gold,A,,Brand New,SVTM9021,,Basic,10/1/2022,12/1/2022,MK,USD,10000,14000,70000,33.87,34.55,35.24,0.34,0.34,0.34,14092170.0,16048860.0,16367650.0,6.97,7.11,7.25,98a3b34f-365b-4fbe-b5ed-878eb921788e,2023_TOMATO_19-9Z-PMU-9037_SVTM9037_PM10002737_US,8/16/2023 2:09:05 PM,223542.0,319242.0,1628088.0,22.3542,22.803,23.2584,68.82018,68.81989,68.82846,0.01586286,0.01989187,0.09946986
4B->5X,2023-08-01,LEO KELLY,TOMATO,19-9Z-PMU-9038,SVTM9038,30106473,PMU-M-OPF-Main-Thick,PMU-OPF-Thick,USA,NAM WEST,NORTHWEST US;NORTH COAST US;DESERT US;CENTRAL VALLEY CALIF;(Empty);SOUTH COAST US;TEXAS,Gold,A,,Brand New,SVTM9021,,Basic,10/1/2022,12/1/2022,MK,USD,10000,11000,25000,33.87,34.55,35.24,0.34,0.34,0.34,14092170.0,16048860.0,16367650.0,7.34,7.49,7.64,7151b48d-b12a-45d4-b28d-b373cf23b1a3,2023_TOMATO_19-9Z-PMU-9038_SVTM9038_PM10002737_US,8/16/2023 2:11:41 PM,223542.0,250833.0,581460.0,22.3542,22.803,23.2584,67.16501,67.15344,67.15166,0.01586286,0.01562933,0.03552495
4B->5X,2023-09-11,ADELE JUBE,CARROT,20-R9-NAN-8860,SVDN8860,30033809,NAN-E-First Early & Early,NAN-OPF-Standard,Germany,NW OPEN FIELD,OPEN FIELD GERMANY;OPEN FIELD NORDICS,Gold,C,Difficult,Complementation,,,Basic,10/1/2023,12/1/2023,MK,EUR,170000,375000,540000,0.59,0.63,0.65,0.15,0.07,0.05,1590102.0,1653706.0,1703318.0,0.26,0.26,0.26,266dc718-bb86-4a3b-bdab-6713c8ce7614,2023_CARROT_20-R9-NAN-8860_SVDN8860_PM10003198_DE,10/2/2023 9:07:25 AM,85254.99,219712.5,333450.0,0.5015,0.5859,0.6174999,48.15553,55.62383,57.89473,0.05361605,0.1328607,0.195765
4B->5X,2024-11-05,ADELE JUBE,CAULIFLOWER,15-7L-CLF-6041,SVAC6041,12955953,CLF-E-OPF-Main Main,CLF-OPF-Main,Netherlands,NW OPEN FIELD,OPEN FIELD GERMANY;OPEN FIELD FRANCE;OPEN FIELD NORDICS;OPEN FIELD BENELUX,Gold,C,Easy,Complementation,,,Basic,11/1/2024,11/1/2024,MK,EUR,1500,3000,3000,35.0,35.8,36.5,0.1,,,1175679.0,1199193.0,1223177.0,4.81,3.5,3.5,f0066e66-47cd-4cc8-96cc-165fb3db6c95,2024_CAULIFLOWER_15-7L-CLF-6041_SVAC6041_PM10008826_NL,11/5/2024 10:09:34 AM,47250.0,107400.0,109500.0,31.5,35.8,36.5,84.73016,90.22346,90.41096,0.04018954,0.08956023,0.08952098
4B->5X,2023-10-12,ADELE JUBE,CAULIFLOWER,19-7L-CLF-7308,SVAC7308,30105817,CLF-E-OPF-Main Main,CLF-OPF-Main,Poland,NW OPEN FIELD,OPEN FIELD GERMANY;OPEN FIELD NORDICS;OPEN FIELD POLAND,Gold,B,Easy,Complementation,,,Basic +,1/1/2024,1/1/2024,MK,EUR,5500,11250,20750,34.95,36.0,37.08,,,,1117244.0,1083069.0,1104731.0,2.91,3.0,3.1,c95aab48-703d-4144-be47-ef2880afdc34,2023_CAULIFLOWER_19-7L-CLF-7308_SVAC7308_PM10008826_PL,11/30/2023 5:29:48 AM,192225.0,405000.0,769410.1,34.95,36.0,37.08,91.67382,91.66667,91.63969,0.1720529,0.3739374,0.6964685
4B->5X,2023-11-02,FRANCOIS RAVETTI,MELON,20-UM-CHA-1825,SVMC1825,30108191,CHA-E-OPF-Semi Netted ESL,CHA-OPF-ESL,France,NW OPEN FIELD,OPEN FIELD FRANCE,Gold,C,Medium,Complementation,,,Basic,11/1/2023,1/1/2024,MK,EUR,250,466,1,184.17,187.85,191.61,0.06,0.06,0.06,14671180.0,14944960.0,15237900.0,15.0,16.0,17.0,78ff349f-dd00-4bc1-b3c1-5ed0044ed0ca,2023_MELON_20-UM-CHA-1825_SVMC1825_PM10002173_FR,11/2/2023 4:51:54 AM,43279.95,82285.81,180.1134,173.1198,176.579,180.1134,91.33548,90.9389,90.5615,0.002949997,0.005505926,1.182009e-05
4B->5X,2024-09-16,FRANCOIS RAVETTI,MELON,22-UM-CHA-0019,SVMC0019,30249883,CHA-E-OPF-Semi Netted ESL,CHA-OPF-ESL,France,NW OPEN FIELD,OPEN FIELD FRANCE,Gold,C,Medium,Replacement,ADAGIO,0.25,Basic +,10/1/2024,12/1/2024,MK,EUR,750,1200,1500,194.44,200.27,206.28,0.15,0.1,0.05,14671180.0,14944960.0,15237900.0,15.0,15.38,15.76,75494c23-07ac-4499-9caa-75e6e75b6510,2024_MELON_22-UM-CHA-0019_SVMC0019_PM10002173_FR,9/16/2024 2:56:52 AM,123955.5,216291.6,293949.0,165.274,180.243,195.966,90.92416,91.46708,91.95779,0.00844891,0.01447255,0.01929065
4B->5X,2024-04-11,NATALIYA SOSEDSKAYA,CARROT,18-7M-CHL-3780,LEGRANA,13052779,CHL-E-Full Main & Late,CHL-OPF,Kazakhstan,RUSSIA & UKRAINE,"UKRAINE, BELARUS & N-CA",Silver,B,Medium,Complementation,,,Basic +,4/1/2024,4/1/2024,MK,EUR,360000,300000,300000,0.829,0.854,0.879,0.45,0.45,0.45,1261700.0,1337600.0,1415700.0,0.18,0.19,0.19,aaa3b995-14c4-4de9-99ab-3a27a871e8a9,2024_CARROT_18-7M-CHL-3780_LEGRANA_PM10003189_KZ,4/11/2024 7:04:01 AM,164142.0,140910.0,145035.0,0.45595,0.4697,0.48345,60.52198,59.54865,60.69914,0.1300959,0.1053454,0.1024476
4B->5X,2024-04-11,NATALIYA SOSEDSKAYA,CUCUMBER,16-DU-PSP-0083,KORVIN,12691041,PSP-E-GRH-Autumn & Winter,PSP-GRH,Kazakhstan,RUSSIA & UKRAINE,"UKRAINE, BELARUS & N-CA",Bronze,B,Easy,Complementation,,,Basic +,4/1/2024,4/1/2024,MK,EUR,1500,2000,2000,50.8,52.32,53.9,0.45,0.45,0.45,190406.0,217910.0,244494.0,10.81,11.24,11.69,68162384-7eb1-473d-b0e5-d3e8d0ee1133,2024_CUCUMBER_16-DU-PSP-0083_KORVIN_PM10002161_KZ,4/11/2024 7:12:11 AM,41910.0,57552.0,59290.0,27.94,28.776,29.645,61.30994,60.93967,60.56671,0.2201086,0.264109,0.2425008
4B->5X,2024-03-05,CAGLAR CIFTCI,TOMATO,20-AY-FIR-4101,SEHER,30118146,FIR-E-GRH-Large-Loose-Autumn,FIR-GRH-Large-Loose-Autumn,Türkiye,TURKEY,TURKEY,Gold,C,Medium,Replacement,WELLFLEX,,Basic +,5/1/2024,5/1/2024,MK,TRY,1000,3000,4000,4600.0,4600.0,4600.0,0.31,0.26,0.24,182555700.0,185369200.0,189114000.0,500.44,500.44,500.44,d3781c8f-c592-40be-87bf-8bf4b6675a98,2024_TOMATO_20-AY-FIR-4101_SEHER_PM10002789_TR,3/12/2024 8:17:15 AM,3174000.0,10212000.0,13984000.0,3174.0,3404.0,3496.0,84.23314,85.29847,85.68536,0.01738648,0.05509005,0.07394482
4B->5X,2024-01-24,CAGLAR CIFTCI,TOMATO,21-XM-FIR-0046,DRTH0046,30215645,FIR-E-GLS-Medium-Truss,FIR-GLS-Medium-Truss,Türkiye,TURKEY,TURKEY,Gold,B,Medium,Complementation,,,Basic +,1/1/2024,8/1/2024,MK,TRY,750,3000,5000,8680.0,8680.0,8680.0,0.47,0.37,0.37,97961550.0,100463400.0,103005400.0,816.6,816.6,816.6,c5d20b8e-0fd3-48ee-9748-cbcb4d3c5e1e,2024_TOMATO_21-XM-FIR-0046_DRTH0046_PM10002782_TR,1/24/2024 12:20:41 AM,3450300.0,16405200.0,27342000.0,4600.4,5468.4,5468.4,82.24937,85.06693,85.06693,0.03522096,0.1632952,0.2654424
